observationId,predictions
4100090298,814 1062 1956 1430 1187
4100093119,1461 986 998 2322 993
4100093137,1544 1396 1575 2374 1922
4100093195,1269 1739 682 578 2034
4100096291,122 674 1577 1272 1421
4100096299,708 1269 578 1739 658
4100096392,2092 96 1161 1804 2156
4100096393,636 1764 2286 2404 1058
4100096438,1004 2059 1204 254 599
4100096459,1931 2060 1521 1212 1211
4100096525,814 1884 732 1956 1430
4100096626,814 1062 1884 1357 1430
4100096719,1552 2261 631 2213 644
4100096874,2025 1907 390 1271 1424
4100096876,899 491 2301 901 1103
4100096885,2092 2135 1161 2156 1427
4100097057,1026 1513 1312 1330 1739
4100097093,197 683 611 135 1795
4100097134,210 1004 2260 1636 127
4100097155,2025 390 1265 1889 1271
4100097236,1697 1739 603 1987 612
4100097247,1739 378 196 1009 1637
4100097287,2286 1425 1739 65 196
4100097695,1929 357 424 355 1187
4100097758,2261 1548 682 2211 2140
4100097835,251 943 1261 246 207
4100097909,1697 1739 603 1987 11
4100098016,943 1503 1380 246 1176
4100098127,2395 1979 646 219 121
4100098156,814 1884 2239 1357 1430
4100098185,2261 334 658 170 2247
4100098235,1004 1175 1066 1204 624
4100098262,1228 1576 2055 1902 1169
4100098270,2070 883 2399 1556 2411
4100098273,1169 1228 120 806 1991
4100098334,1409 1919 1457 2249 1592
4100098534,1434 1552 2258 1216 375
4100098542,2247 1384 897 1523 2068
4100098646,1931 1211 1212 1528 1521
4100098649,270 1053 180 1505 1165
4100098746,2362 1910 1161 2286 1330
4100098751,1576 589 1902 1228 2343
4100098911,943 1663 251 1950 942
4100098939,1161 1330 1324 1427 2092
4100098964,1552 2176 644 2271 251
4100099089,196 1425 1020 28 636
4100099148,1739 2135 1471 93 197
4100099205,196 1739 1910 603 640
4100099234,1739 578 639 603 682
4100099324,106 197 695 1403 1009
4100099350,106 197 274 2397 2334
4100099485,708 1697 1739 11 1269
4100099900,814 1956 2239 1430 728
4100099950,603 1739 1637 196 1552
4100100066,393 381 1337 2256 285
4100100106,2176 1432 2211 2140 384
4100100116,1552 2059 140 2213 2056
4100100146,1503 121 1963 680 391
4100100235,251 1552 645 2059 644
4100100236,220 131 1009 525 349
4100100271,1697 1739 603 196 11
4100100278,2395 1543 1232 2411 2396
4100100374,646 1845 799 2246 1979
4100100450,1004 622 2344 624 623
4100100566,2286 1910 1161 1330 1424
4100100586,1004 326 38 277 259
4100100670,589 1576 1639 1717 1366
4100100844,1161 1692 944 1427 1884
4100100913,1269 1299 674 642 2033
4100101002,196 2412 2286 2049 662
4100101005,1533 1929 985 1450 1808
4100101043,814 2239 1430 732 1407
4100101203,2137 251 1380 943 66
4100101254,943 1555 2098 251 1032
4100101255,589 1576 205 1736 1902
4100101366,1461 1228 998 424 995
4100101375,1090 864 2220 1565 1720
4100101496,2265 1950 819 2220 943
4100101505,1716 2322 39 1004 634
4100101581,1960 96 1228 1739 685
4100101664,2411 1543 151 1963 872
4100101841,2387 190 2244 1665 394
4100101953,2088 589 2137 1902 1576
4100101985,1552 140 2059 644 631
4100102019,1543 2256 2066 1989 1257
4100102032,114 2287 2162 1162 1979
4100102043,1026 1739 2214 2124 1691
4100102074,1736 1607 1026 929 2
4100102077,1442 1503 709 1914 680
4100102094,682 1739 1697 578 2109
4100102158,814 1884 1956 1430 732
4100102167,114 2397 682 274 197
4100102201,136 2076 197 2077 2397
4100102238,1697 2109 1739 682 11
4100102243,1228 2295 196 1427 1161
4100102263,2059 277 213 1646 259
4100102285,1910 1213 1987 65 2162
4100102286,376 1979 646 2246 1664
4100102290,2092 1161 1026 1324 1330
4100102300,683 1739 1697 612 65
4100102313,814 390 728 1956 2378
4100102330,2261 2035 251 644 943
4100102464,645 1949 1836 2261 2137
4100102558,415 1761 986 1018 760
4100102708,929 2047 1739 708 2286
4100102717,814 1430 1956 1371 2239
4100102763,2362 1910 1739 132 606
4100102902,1739 1697 2293 603 97
4100102925,1552 682 73 274 2037
4100103021,2301 1563 876 648 1557
4100103068,1004 1606 1717 589 1714
4100103136,1269 2248 578 682 2109
4100103167,648 1535 393 1565 1056
4100103211,1026 710 1739 1309 1513
4100103271,986 1461 1685 1448 991
4100103379,1571 1358 782 585 110
4100103391,2098 1960 2421 1646 636
4100103403,658 589 1835 1619 2109
4100103428,19 472 2279 1386 902
4100103468,203 525 1056 1565 848
4100103514,1026 1692 1161 1265 1309
4100103536,887 1541 860 273 1949
4100103558,2025 76 1268 74 1266
4100103640,674 603 1953 2109 658
4100103658,1089 1516 2059 2072 1571
4100103826,1697 708 1503 1739 1320
4100103834,1739 1697 2135 683 612
4100103858,390 1271 1886 2362 2049
4100103980,390 196 2362 1430 1956
4100104007,603 196 1739 2270 2286
4100104070,1739 93 1507 2135 612
4100104127,2232 197 612 1697 1260
4100104132,683 1598 1623 1260 1478
4100104174,1533 525 2051 1926 729
4100104225,1503 1697 708 682 1320
4100104258,1161 2092 2156 1324 1330
4100104360,674 658 1222 157 1269
4100104386,814 1956 728 1430 1371
4100104419,1056 131 220 819 525
4100104434,251 2261 2208 1216 645
4100104436,1187 1228 2362 196 2160
4100104512,1216 645 251 2137 2208
4100104518,1269 2261 2248 2334 682
4100104551,1931 1212 1521 1211 1528
4100104620,251 2250 1904 2035 2261
4100104630,273 1384 860 1335 1230
4100104647,2098 1065 1655 1004 258
4100104748,2137 2261 2353 1572 978
4100104867,1161 1692 1427 9 1324
4100104875,390 331 1886 1703 2381
4100104892,2081 1846 808 2080 1947
4100104918,1771 931 2185 706 1027
4100104998,814 1430 1956 2239 728
4100105008,2394 348 2120 863 90
4100105316,2154 1665 1557 88 87
4100105347,1552 140 2059 2213 285
4100105369,196 1739 746 580 270
4100105385,979 391 1989 1221 114
4100105635,2261 880 2035 1548 348
4100105664,251 2354 321 250 943
4100105680,1956 814 1430 728 2239
4100105771,657 243 1011 1479 424
4100105795,1989 78 941 2186 1543
4100105810,1269 1421 2068 334 157
4100105866,2362 1161 1424 2286 1692
4100105913,2367 1890 1679 820 1407
4100105968,267 1543 1232 872 1419
4100106312,1576 2344 2338 589 278
4100106345,1161 1330 1692 1026 1324
4100106350,1216 243 1363 1931 2298
4100106377,196 1739 726 603 2180
4100106457,1004 1764 1065 2059 1422
4100106530,1904 251 645 2410 2070
4100106600,860 1230 2163 2309 2310
4100106651,943 258 251 1173 2098
4100106683,2396 2246 646 1238 2097
4100106721,1175 1589 715 1552 1447
4100106759,2396 1238 354 25 864
4100106769,2081 1269 2334 746 682
4100106797,746 183 1056 648 393
4100107315,814 1956 1430 732 2377
4100107343,1739 1987 1213 603 196
4100107373,187 2185 185 1056 2367
4100107378,814 1357 1430 2239 920
4100107429,2076 1910 979 197 349
4100107434,1269 674 2109 1973 919
4100107675,2261 2422 1216 321 1548
4100107680,2315 916 2246 2388 1518
4100107718,2076 819 220 131 349
4100107730,205 1228 1902 589 658
4100107759,1161 1427 1692 1333 1324
4100107769,1739 681 2081 1697 2362
4100107774,2068 334 2247 1592 164
4100107929,943 251 66 2098 1179
4100107931,390 2362 196 1703 2368
4100107968,2025 2287 76 74 2162
4100108317,1739 2362 132 1697 196
4100108336,251 943 2354 2182 248
4100108358,1026 1309 1265 1692 72
4100108362,196 2362 732 931 2369
4100108371,1370 1884 1956 814 2377
4100108380,183 636 746 446 84
4100108454,814 2239 1430 809 1956
4100108575,1026 1692 1161 9 1691
4100108666,578 1739 683 1552 682
4100108711,2261 1548 2247 604 880
4100108781,80 931 1742 1407 390
4100108801,2137 2140 1300 978 1208
4100108855,2367 185 1679 1742 931
4100108952,819 1771 931 1611 1772
4100108963,121 269 647 1503 1442
4100109352,2049 94 196 1533 1497
4100109361,196 819 349 131 1322
4100109385,709 132 1442 1697 708
4100109397,1303 1298 2308 2261 1836
4100109398,1739 1697 603 97 2135
4100109527,2322 738 1004 1718 127
4100109554,2349 1665 1899 2348 1457
4100109577,349 106 115 2397 197
4100109596,1173 2137 978 1222 589
4100109620,1617 2246 1518 2388 916
4100109634,2394 1902 589 2137 205
4100109656,644 1552 183 2212 2256
4100109677,1739 2286 1910 1213 603
4100109744,1908 2309 850 1298 1715
4100109755,2185 819 1771 185 602
4100109776,2138 1162 90 1503 121
4100109778,1232 1543 267 1384 1237
4100109829,1572 2261 1548 2140 887
4100109846,931 1575 2372 1407 196
4100109874,1009 106 136 1944 197
4100110348,682 274 2109 1697 686
4100110426,1739 1697 603 612 97
4100110484,196 2180 2286 636 1764
4100110561,860 273 887 1305 1541
4100110597,2256 1713 104 636 1530
4100110654,943 2186 251 250 321
4100110682,2315 2310 959 646 2246
4100110742,1739 1697 603 97 713
4100110743,2367 185 2360 732 2084
4100110755,2256 644 1001 104 1530
4100110833,2412 170 1623 577 683
4100110887,251 321 2208 923 2088
4100110987,885 897 818 1497 270
4100111460,1216 1550 1175 439 251
4100111493,636 2098 577 1960 275
4100111542,1552 2059 254 644 140
4100111543,1552 2176 1106 2334 274
4100111590,1228 2338 1461 1366 2055
4100111612,866 2286 1513 2047 1424
4100111644,1461 2172 986 1362 589
4100111660,916 2245 2309 2315 2209
4100111692,1228 589 2055 913 1973
4100111702,1739 1026 1009 2092 2124
4100111739,2247 813 1384 2068 1523
4100111746,1004 2059 1204 1413 624
4100111890,2209 208 170 266 850
4100111895,986 340 1461 431 442
4169757343,390 331 1703 2381 1889
4169757369,790 19 902 1569 455
4169757430,277 1175 1431 1004 254
4169757432,1592 1919 2207 164 1929
4169757451,2025 1265 1321 888 2050
4169757468,390 1886 331 1703 2381
4169757495,1739 603 196 1637 1329
4169757541,2185 1699 1890 826 383
4169757583,819 1934 731 2115 1947
4169757597,1409 1410 1411 1408 1919
4169757616,819 2185 1771 820 2360
4169757650,2185 819 820 2360 827
4169757653,731 819 2115 349 1885
4169757664,132 2076 1503 1266 1910
4169757736,814 36 1929 357 1367
4169757766,819 1771 1611 2185 836
4169757781,819 731 1771 931 2185
4169757793,1739 196 2362 1009 1697
4169757819,243 2060 2059 24 1510
4169757847,819 1771 827 1611 2185
4169758230,243 404 803 760 788
4169758276,2035 2410 2261 2120 238
4169758332,2081 1269 639 708 73
4169758364,2138 132 1442 1650 72
4169758396,1552 274 114 2397 682
4169758408,590 708 1729 2319 605
4169758431,1266 132 1915 710 197
4169758504,931 1742 2185 379 1873
4169758554,864 2396 2400 2420 1232
4169758588,1771 1611 1631 1890 854
4169758637,658 674 659 2109 1953
4169758647,2385 2261 1548 1855 1269
4169758665,1175 941 943 2181 1028
4169758671,1407 931 1396 1410 1374
4169758683,80 1407 2357 1411 199
4169758716,196 931 2362 525 1873
4169758758,708 205 2096 1793 1298
4169758856,1571 901 157 2322 340
4169758874,1919 1592 103 2145 334
4169758880,1771 1611 1410 1027 1396
4169758946,603 1637 378 196 1739
4169758947,603 674 1637 1973 196
4169758996,1248 1571 486 385 803
4169759041,1407 80 2357 1370 81
4169759176,1592 1919 2207 164 334
4169759350,1697 1739 1260 683 2412
4169759408,1665 2246 664 1617 2152
4169759468,131 819 2185 931 1935
4169759478,390 1703 2381 1497 1886
4169759479,931 819 1771 1407 1873
4169759566,2256 104 79 1713 2152
4169759599,185 2185 2367 187 383
4169759624,1503 1401 647 1442 2246
4169759675,2115 731 819 1934 2397
4169759682,1575 1409 81 1407 931
4169759706,2 1729 72 132 1403
4169759727,1739 603 1697 196 2109
4169759772,2185 1771 602 1935 1699
4169759846,941 1543 1028 1989 2181
4169759880,860 819 61 1776 836
4169759902,1040 2287 1162 695 1414
4169759960,90 2242 1653 1311 179
4169760342,1004 866 2286 599 1422
4169760374,2347 2344 2338 1730 2346
4169760431,1409 1410 1411 1408 2359
4169760432,1216 2335 321 2422 1363
4169760487,393 648 199 1007 2304
4169760516,819 2390 1935 1776 144
4169760582,1216 321 251 436 1172
4169760601,1890 1411 1771 2185 827
4169760608,1771 819 1611 931 2185
4169760615,251 321 2354 2070 248
4169760628,2213 2256 1001 2402 1587
4169760659,819 61 2185 1776 841
4169760749,732 1407 80 931 1742
4169760898,270 2232 1962 1266 2293
4169760990,863 192 2398 1384 2396
4169761279,893 19 723 763 366
4169761347,732 80 881 1742 2202
4169761364,1503 2412 1320 1697 1623
4169761426,1322 819 1274 1023 812
4169761457,1739 2135 612 2092 603
4169761550,1845 2025 1321 74 630
4169761562,185 1742 2367 732 931
4169761576,243 1479 404 1867 912
4169761590,1771 2185 1890 827 820
4169761631,2286 943 1424 1175 326
4169761637,2145 1919 1922 813 164
4169761645,1010 897 245 985 1592
4169761699,390 732 944 1367 1884
4169761709,819 61 2185 1740 1941
4169761791,1771 2185 1772 819 844
4169761830,1061 1452 424 2098 1571
4169761880,19 893 142 472 1569
4169761923,887 2397 819 1418 2390
4169761926,814 1407 196 732 1430
4169762025,1845 813 630 33 390
4169762101,887 1846 144 2390 2143
4169762111,190 1995 620 1035 1631
4169762335,819 61 731 2076 1875
4169762352,1269 730 2248 664 578
4169762364,814 1956 1430 728 2239
4169762392,1771 819 61 1611 810
4169762395,1056 131 525 1009 133
4169762405,732 1884 944 814 1430
4169762414,1890 931 1407 1742 80
4169762467,1409 1919 1592 1411 1410
4169762481,1592 1409 2207 2249 1919
4169762485,1004 277 2059 259 1431
4169762513,1739 1697 603 2135 196
4169762549,1987 1513 2286 979 1739
4169762586,2185 931 1699 383 1901
4169762654,1771 2185 1027 931 1772
4169762673,1312 1026 979 1966 197
4169762684,731 1699 1885 2115 819
4169762689,2367 185 1679 826 2185
4169762739,1232 1221 192 2396 1957
4169762930,2185 819 602 2115 1699
4169762936,1739 1009 1507 197 1804
4169762957,803 1248 788 1757 41
4169763029,2367 2185 819 185 820
4169763064,809 931 1883 1407 2357
4169763144,243 951 24 1628 1632
4169763341,2138 2394 2076 90 978
4169763410,1739 2162 1987 1697 695
4169763465,1305 887 1949 1572 883
4169763504,1056 133 196 525 2263
4169763521,731 1885 349 1944 819
4169763587,904 462 972 1437 210
4169763603,2185 931 1890 1771 2360
4169763628,1552 122 1577 210 2213
4169763640,1407 199 931 2357 196
4169763772,1592 1511 2247 2223 2207
4169763813,1771 1772 2185 819 1935
4169763901,2145 32 344 103 1922
4169763948,1409 1411 1410 1408 2359
4169764101,762 1866 2327 893 1975
4169764199,803 788 41 559 1757
4169764368,390 931 2368 1873 1703
4169764373,745 1561 2111 142 1873
4169764380,1442 2394 2138 90 269
4169764427,90 2138 2394 1650 1442
4169764445,2060 2029 1842 1552 2298
4169764498,1771 931 2185 819 1027
4169764500,390 732 1703 331 1430
4169764540,1552 114 1635 1548 2261
4169764577,1890 931 1407 2360 1742
4169764589,683 1623 2210 682 861
4169764597,978 2137 1619 251 2242
4169764600,2154 1917 217 2256 849
4169764634,2261 1548 880 348 1635
4169764635,2286 1910 349 1425 1213
4169764714,819 2367 820 827 2185
4169764755,2367 185 525 819 1056
4169764772,819 1771 1772 2185 1611
4169764780,673 508 1571 385 899
4169764914,2025 76 390 331 888
4169764986,1407 80 1411 81 1408
4169765059,1407 81 1575 2379 1409
4169765089,2367 820 819 2185 827
4169765107,393 2301 925 1565 1720
4169765171,1681 803 512 41 954
4169765508,1248 1818 774 1757 803
4169765521,1248 1752 427 2001 18
4169766375,1771 931 1575 1883 1027
4169766426,2396 646 2246 2311 3
4169768390,1771 819 2185 820 931
4169768592,2279 2283 2016 1108 1675
4169769331,985 1010 1592 1929 434
4169770347,1873 931 1872 745 1944
4169770368,2301 1338 1381 1563 147
4169770398,2185 1935 1741 1699 1740
4169770403,2185 1935 819 1771 602
4169770500,2215 412 1561 1815 1118
4169770567,819 1771 931 2185 1611
4169770608,19 2279 1386 902 785
4169770641,1153 965 1140 1117 497
4169771347,462 534 1183 57 1968
4169771365,1665 2387 1262 1789 1951
4169771538,496 2283 549 558 568
4169772337,1992 1533 881 142 223
4169772443,1140 893 775 762 499
4169772523,2279 2276 2283 2014 2194
4465860441,1153 497 2282 1184 1114
4465860473,185 2367 1679 2183 2202
4465860505,1919 1592 164 1922 103
4465860565,1140 762 775 395 781
4465860584,2059 1932 2056 1089 2060
4465860721,2283 2001 476 1200 1195
4465860865,2388 1238 2246 1257 860
4465860866,860 1230 267 1384 2388
4465860933,1216 2056 2060 2057 2058
4465860965,1739 1507 603 1471 2135
4465861007,1137 803 734 41 1000
4465861206,819 1771 844 836 2185
4465861336,1552 251 645 1836 1106
4465861372,1771 819 2185 836 1740
4465861440,497 1184 482 803 1117
4465861606,482 497 1760 1121 481
4465861735,1004 39 1204 1546 127
4465861756,619 1511 739 1978 252
4465861868,2220 864 2100 1090 2174
4465862149,1771 2185 819 827 1611
4465862167,1673 575 563 572 573
4465862207,1890 1771 931 2185 1027
4465862365,931 1742 2360 185 732
4465862653,1760 1829 1250 1147 1681
4465862743,57 1202 1344 1969 535
4465862980,2283 549 162 502 496
4465863026,1381 472 2051 1995 244
4465863259,1056 848 243 741 525
4465863262,2185 819 1935 1771 1772
4465863298,185 2367 827 819 2185
4465863347,1298 2287 2162 1729 1434
4465863350,590 943 66 1179 391
4465863369,51 1153 965 1108 964
4465863377,1771 819 2185 1772 1027
4465863391,931 1407 2238 1575 81
4465863392,2279 783 1153 1113 2016
4465863400,2222 897 1789 885 1099
4465863527,793 1358 184 2296 1361
4465863876,1543 79 941 1158 2256
4465864143,1681 448 952 549 1137
4465864334,1269 674 2334 682 1552
4465864363,2152 2141 173 1713 1337
4465864413,1533 1929 985 1808 1988
4465864514,326 1261 943 1554 1176
4465864530,819 820 2360 2185 827
4465864676,1140 775 796 1153 762
4465864689,1113 1153 499 473 561
4465864781,1153 783 778 1760 965
4465864915,1113 1117 473 499 478
4465865102,2081 731 700 1846 2123
4465865137,1026 1330 1692 1161 1513
4465865173,1216 940 321 439 251
4465865248,919 925 1274 2423 730
4465865344,1056 2115 731 819 1434
4465865452,1590 630 1321 1963 1979
4465865456,864 2097 2220 85 1535
4465865459,819 1897 525 2185 931
4465865545,1202 525 1982 19 1102
4465865601,732 1407 80 809 2377
4465865654,1140 790 775 796 780
4465865826,321 251 1222 2208 1619
4465865837,1140 775 762 796 766
4465865856,160 563 1313 549 317
4465865862,108 1686 788 1077 766
4465866158,2222 1085 2232 2231 2225
4465866338,2261 2140 1572 251 321
4465866372,1358 1571 793 788 415
4465866376,819 731 61 2123 1875
4465866401,731 1846 1935 2185 700
4465866412,549 473 951 160 1681
4465866740,482 497 1815 1829 562
4465866934,1978 581 752 110 1839
4465866959,1677 575 549 2010 2283
4465867128,648 1056 393 1965 2304
4465867375,762 395 893 1975 1079
4465867452,482 497 1815 1829 1760
4465867481,723 1569 787 1141 784
4465867576,1140 1153 775 796 965
4465867602,2385 2142 2232 325 1021
4465867733,762 751 893 1140 723
4465867753,19 790 1140 763 1755
4465867859,404 1571 793 243 1688
4465867960,2138 90 1442 1650 2394
4465868062,1771 2185 1740 1027 931
4465868132,2279 1386 19 2016 1998
4465868342,2232 1503 325 743 1952
4465868346,1771 827 1027 819 820
4465868355,2279 1386 19 2016 1998
4465868374,2357 1533 196 1407 80
4465868440,1117 1153 1140 497 1113
4465868669,1140 790 775 796 783
4465868729,157 1425 1175 1066 1067
4465868930,624 2344 1004 622 2341
4465869128,2056 1577 210 1648 2064
4465869357,1665 2349 1557 294 2348
4465869511,1232 1582 267 1234 103
4465869607,2367 1679 185 819 931
4465869618,1760 473 1681 51 1250
4465869626,482 1760 1815 1121 14
4465869651,1140 762 775 395 893
4465869652,573 563 1313 497 1153
4465869700,893 762 395 723 1975
4465869704,1004 1204 624 616 2270
4465869756,2298 625 619 1631 245
4465869798,1248 1283 1282 1149 778
4465869937,589 1576 1835 1902 205
4465869959,2220 1531 864 1090 2174
4465870129,1234 864 646 1232 2174
4465870146,243 1629 2001 2131 1574
4465870150,864 2220 1926 2101 1005
4465870202,563 575 1153 2012 573
4465870327,1839 1290 1818 776 422
4465870361,1760 1829 1250 1818 482
4465870376,1978 1631 581 190 1511
4465870448,762 764 997 1282 775
4465870450,1445 782 1146 367 925
4465870454,1771 1027 1883 1611 931
4465870476,1313 160 573 1000 563
4465870537,2298 176 1155 741 648
4465870558,19 2279 2016 1386 783
4465870594,902 19 1609 243 2131
4465870739,1771 2185 1772 819 1027
4465870796,190 620 1599 897 619
4465870807,2060 2154 1917 1931 222
4465870836,1255 1146 18 1343 903
4465870870,525 1557 876 1955 444
4465870919,916 1662 2246 1701 191
4465871365,1035 897 1766 1533 2051
4465871385,856 1995 2279 19 1035
4465871464,1815 723 412 1686 1640
4465871488,723 657 1686 1929 1819
4465871565,427 2283 1044 1385 1050
4465871601,1409 1575 81 1407 931
4465871639,491 572 2010 519 575
4465871664,2186 2060 2029 942 1216
4465871676,1162 114 2162 1503 251
4465871740,1552 2263 1004 1204 718
4465871856,1929 1592 1767 1926 1927
4465871870,2115 1056 1434 819 1939
4465871913,2246 916 1617 2315 2219
4465871920,549 509 1113 563 575
4465872035,2092 1605 1427 1884 443
4465872115,731 2390 819 1885 700
4465872243,270 2246 1165 1962 2105
4465872470,1153 965 775 1140 1113
4465872557,203 2202 1312 1605 925
4465872629,1926 1925 441 1924 1927
4465872663,819 61 1776 1613 936
4465872818,1338 517 2301 1381 312
4465872847,57 1806 529 1969 1183
4465872853,708 1269 1855 2385 205
4465872917,1086 190 619 2100 1793
4465872952,543 1113 1153 783 496
4465873097,19 1140 1386 790 796
4465873281,1665 664 2226 1021 2127
4465873405,196 80 1533 2075 2357
4465873488,2301 203 1056 1057 925
4465873505,575 563 573 572 2279
4465873540,963 57 1292 1110 19
4465873598,2283 517 549 1992 492
4465873884,657 795 1761 1686 817
4465874390,2154 1917 158 222 1511
4465874474,723 1686 657 401 1815
4465874480,1771 819 1027 931 1611
4465874709,572 563 575 536 474
4465874721,925 393 919 1552 904
4465874872,2279 190 565 2014 2015
4465874874,190 1599 1665 897 2154
4465874944,2154 222 1571 857 878
4465875000,1113 478 1126 1118 510
4465875081,2301 491 1563 903 1057
4465875160,1211 645 1434 1180 1931
4465875200,723 893 762 1807 1348
4465875273,2411 151 1219 860 2221
4465875461,1736 2347 205 2382 2340
4465875554,1771 2185 819 1611 931
4465875645,2414 517 2279 215 1997
4465875652,19 1386 790 902 785
4465875795,575 563 573 1153 572
4465875805,887 2076 2394 61 2123
4465876055,819 2185 820 1771 1722
4465876077,1153 19 965 1386 790
4465876197,1701 103 2223 1384 1653
4465876263,243 1561 2131 2060 1510
4465876286,185 576 2183 187 819
4465876348,658 708 659 1855 1269
4465876388,2154 158 1516 1557 1562
4465876404,775 1153 1140 965 796
4465876467,1056 203 848 2304 2301
4465876628,1665 88 2387 632 1599
4465876657,2185 1935 1741 731 1699
4465876659,2101 1665 864 1557 1187
4465876664,2075 1892 1533 931 390
4465876715,819 1776 1935 61 2185
4465876770,2215 429 1631 1313 359
4465876781,1929 817 441 1561 36
4465876833,431 1929 817 112 355
4465876922,1153 563 575 494 965
4465877237,2056 1705 1397 2058 2335
4465877247,1771 1772 1611 1027 819
4465877298,762 1140 775 764 796
4465877400,2114 88 1767 1926 1592
4465877418,1140 775 762 764 796
4465877477,2298 1651 243 2060 652
4465877521,2001 1387 2266 506 458
4465877730,2186 108 1437 1631 78
4465877793,1557 1665 1599 88 886
4465877854,1313 1995 458 1235 573
4465877891,563 575 1198 494 573
4465877895,244 1995 2051 19 1093
4465877928,517 491 519 518 537
4465877974,1771 185 1679 819 2367
4465878083,2283 496 537 498 1255
4465878102,2298 1965 1057 1155 848
4465878218,19 57 1388 1295 2000
4465878255,762 1686 1833 404 2327
4465878482,1571 1688 2072 899 1279
4465878504,88 2154 1599 1557 158
4465878510,893 395 762 1140 1078
4465878636,2279 2277 2005 223 2283
4465878686,925 904 919 393 1552
4465878739,2209 2247 2068 129 1395
4465878854,243 2082 734 2060 176
4465878866,2279 2016 2277 856 1235
4465878877,563 1184 1113 575 544
4465878895,2298 1155 176 1965 1057
4465878901,1926 1925 1160 1924 2256
4465879000,2138 2394 2137 708 205
4465879011,1613 61 860 832 1936
4465879085,1407 732 931 80 1742
4465879164,943 326 246 1179 1261
4465879184,2222 1085 2232 2231 2225
4465879209,819 1943 841 1722 836
4465879259,1813 395 1817 893 784
4465879285,931 1575 1773 2363 2372
4465879508,1056 2301 925 905 203
4465879600,1929 2033 1086 431 1601
4465879605,893 395 1140 762 1078
4465879615,1771 819 1740 2185 1679
4465879879,572 536 515 575 474
4465879908,1592 1927 1767 1920 2145
4465880036,819 731 2390 1885 1875
4465880040,1771 819 2185 1772 1611
4465880108,1673 573 575 563 572
4465880218,1609 902 2024 1235 19
4465880237,1118 1815 412 482 2215
4465880257,2145 208 1187 2147 2340
4465880475,2279 719 2016 2277 790
4465880487,819 1771 1772 836 1776
4465880614,867 549 575 1113 563
4465880892,820 1771 2185 1890 931
4465881036,1771 2185 819 1772 844
4465881082,19 1386 472 790 2008
4465881120,478 1113 523 549 499
4465881129,1140 775 796 790 770
4465881150,2060 2298 34 1483 2186
4465881176,565 2276 2283 427 1338
4465881313,404 788 1761 1686 2095
4465881328,1897 819 2035 2364 2390
4465881417,1153 790 783 1140 780
4465881804,478 1118 1533 907 723
4465881831,2130 2053 2131 1629 1982
4465882043,1384 2223 2247 1731 103
4465882152,1384 267 1232 1258 2388
4465882333,563 575 573 2012 1196
4465882360,2114 88 1767 2154 1926
4465882751,1552 2335 2292 1589 375
4465882841,1929 2215 429 985 1631
4465882915,790 19 771 1140 1813
4465882954,1829 482 497 1760 2282
4465882999,573 1313 317 2275 563
4465883025,2402 1154 1222 1421 644
4465883156,762 723 764 1831 1361
4465883294,2025 390 74 1845 2381
4465883323,1929 441 36 1927 817
4465883410,987 1041 1358 415 767
4465883456,1761 404 776 803 788
4465883491,427 1044 1248 778 2283
4465883534,783 790 1153 19 1386
4465883637,1381 472 220 525 1056
4465883704,2286 1424 866 1513 119
4465883737,986 987 1448 1061 1685
4465883998,1140 790 796 770 784
4465884078,1153 783 965 790 2279
4465884082,1988 2033 674 985 1929
4465884297,496 1760 966 543 1184
4465884447,2279 2016 1386 19 2277
4465884461,572 536 575 2283 563
4465884994,719 2279 1631 2014 565
4465885039,572 563 575 515 160
4465885078,790 1140 784 771 796
4465885089,2076 887 2140 354 73
4465885093,19 2011 575 2279 2016
4465885365,130 2027 1501 203 648
4465885399,1451 2327 762 2191 385
4465885445,1202 448 57 2283 1343
4465885614,19 771 790 1386 963
4465885772,108 788 657 1010 795
4465885850,1451 1248 1581 1282 994
4465885862,731 1699 819 2185 1885
4465885883,1153 2279 494 575 965
4465886371,1235 223 19 2277 1995
4465886375,2344 998 2338 993 1012
4465886411,19 110 588 790 783
4465886418,1153 965 494 1147 964
4465886773,2159 2256 1435 1721 104
4465886871,1140 1153 796 775 770
4465886994,1629 1385 2013 56 19
4465887002,1149 2418 505 1861 729
4465887012,2298 1705 1216 2060 1364
4465887140,1929 355 817 441 2032
4465887304,1576 589 1736 1228 2344
4465887431,2246 916 257 1084 2315
4465887442,2186 2070 1216 78 166
4465887489,819 931 820 2360 1890
4465887521,1153 2016 2279 965 494
4465887538,1153 965 783 19 790
4465887652,2266 2001 1387 1982 1241
4465887749,2283 549 58 1675 558
4465887862,731 819 2390 1935 144
4465887881,1771 2185 819 1772 844
4465887921,1140 893 1813 762 775
4465887959,731 1846 1935 700 2390
4465888003,359 441 1561 429 1926
4465888030,19 45 573 1673 422
4465888069,2209 170 2247 266 2177
4465888163,1248 1292 1149 427 14
4465888228,1384 2247 103 2223 2151
4465888336,1771 2185 819 1740 827
4465888357,1721 334 2145 340 103
4465888409,1361 455 1569 1568 985
4465888423,1248 1149 1818 803 14
4465888754,1374 1396 931 358 854
4465888902,1771 819 1611 2185 61
4465888961,1140 775 796 1153 499
4465889365,1929 36 1928 1920 2145
4465889368,2185 1771 819 1740 185
4465889699,2249 1592 103 2207 874
4465889897,819 931 2185 1771 1873
4465889924,1026 710 1309 1330 1692
4465889940,819 61 185 2185 1771
4465890220,1569 723 657 455 1361
4465890253,1760 1248 1283 778 1829
4465890442,1291 572 1673 427 2283
4465890586,1995 897 2154 2051 885
4465890587,2283 496 1294 368 162
4465890625,575 572 563 536 467
4465890641,2283 55 1997 1051 427
4465890823,19 45 429 1000 902
4465891399,2298 1381 1563 648 1103
4465891510,1256 2013 1609 902 867
4465891590,243 657 401 1510 1929
4465891591,2298 1705 2060 176 2335
4465891616,2059 1552 1413 140 2056
4465891641,2279 2283 476 517 1052
4465891649,19 790 902 783 521
4465891686,2215 412 1313 1815 1641
4465891700,2279 2276 1153 783 427
4465891701,1982 1102 1358 1747 19
4465891751,427 19 1108 51 2283
4465891975,1910 1161 2049 1271 2286
4465892228,2283 427 537 517 2021
4465892294,517 2283 1992 427 1997
4465892303,1815 953 482 893 1492
4465892450,2154 1917 1932 222 1089
4465892653,404 803 1757 1753 1818
4465892660,19 902 45 1386 54
4465892676,2072 1571 673 514 2414
4465892703,1004 1204 1177 2059 599
4465892896,1155 1338 2001 2298 1057
4465893063,2249 157 1592 901 2207
4465893067,674 285 658 2034 122
4465893105,793 2297 1975 771 1358
4465893294,1739 1804 710 2092 1507
4465893357,963 1044 771 1389 516
4465893547,2298 1705 625 176 2300
4465893572,427 2283 575 1677 51
4465893648,1995 2051 215 2279 244
4465893649,867 473 1113 633 499
4465893691,427 2283 51 1385 496
4465893704,2283 536 549 1294 162
4465893897,775 1140 796 1813 790
4465894174,1202 1782 1748 1280 19
4465894249,986 1685 1761 421 430
4465894410,1571 2072 514 1562 222
4465894494,462 2215 19 203 429
4465894518,2001 1358 1387 1752 1290
4465894622,427 1818 1248 1760 496
4465894655,2283 549 1677 476 223
4465894664,2279 215 1995 2051 2414
4465894673,1291 468 427 1818 803
4465894715,549 1681 160 515 510
4465894720,517 1992 215 177 1995
4465894817,1929 36 1927 441 355
4465895055,1929 817 355 356 36
4465895204,1282 1248 1292 1149 541
4465895287,1153 965 1140 775 1755
4465895341,783 1140 1153 790 1113
4465895492,2322 986 424 998 39
4465895509,572 536 515 575 474
4465895562,2279 2016 1153 2277 773
4465895563,508 673 2072 1571 1688
4465895583,1035 1386 2279 472 902
4465895588,2070 1384 1731 2399 1783
4465895640,2279 783 2017 2016 1108
4465895651,190 2154 158 2153 441
4465895676,1202 1666 1343 2023 1107
4465895736,1153 575 563 1354 2012
4465895737,517 492 574 549 575
4465895752,790 783 2279 2016 1386
4465895776,1153 965 783 964 1113
4465896145,1760 1829 1250 1147 1121
4465896196,1180 1434 943 251 1552
4465896335,1451 404 385 1571 1860
4465896417,1445 535 1343 1202 1344
4465896446,1686 766 788 776 762
4465896488,572 563 515 474 575
4465896634,575 572 574 517 55
4465896649,1995 1313 1235 2024 215
4465896661,775 796 1755 1140 19
4465896673,243 1995 875 525 2058
4465896676,2277 549 569 160 509
4465896726,1982 2001 1562 958 2131
4465896909,1771 2185 819 1027 1611
4465896997,2402 2249 2256 1595 1306
4465897164,2298 176 1155 2001 2060
4465897198,19 1386 2279 516 1108
4465897543,2279 2283 565 1294 2017
4465897574,2283 427 1385 2278 1294
4465897587,897 190 1035 245 620
4465897630,2298 625 2060 176 1155
4465897656,393 925 2304 199 1092
4465897747,573 1673 317 563 1313
4465898560,190 2051 1599 620 1035
4465898596,1248 774 1387 2053 2001
4465898600,210 1552 1577 2056 2263
4465898661,203 925 2301 2300 1146
4465898678,2283 1294 503 537 2278
4465898738,575 494 563 522 1354
4465898913,1169 1228 1420 1168 120
4465899311,1153 1140 965 775 497
4465899357,2298 2301 1155 1103 1057
4465899400,1153 965 1140 775 796
4465899415,19 45 1673 573 563
4465899466,2279 19 2017 2016 1386
4465899493,573 563 575 494 1153
4465899523,762 1831 2327 764 997
4465899577,1686 1761 776 1464 754
4465899615,1385 1248 774 2283 368
4465899619,793 762 1975 1820 2297
4465899850,496 568 508 509 549
4465899925,2279 19 427 783 1386
4465900147,1991 442 462 332 1929
4465900230,2283 1044 2279 427 19
4465900244,1929 429 907 2419 36
4465900521,803 1290 1818 1685 422
4465900745,2298 1155 1563 1381 1965
4465900837,1228 589 2344 1639 1366
4465901378,1153 965 1140 2012 1113
4465901494,803 1818 19 2418 53
4465901626,762 1686 723 1569 893
4465901697,549 160 2283 1677 58
4465901722,2298 1155 1965 1057 625
4465901874,19 723 538 2215 1631
4465902520,2056 1577 210 1527 2064
4465902576,415 1358 803 1041 1458
4465902654,2298 625 1631 200 1103
4465902704,1001 2256 901 2213 2402
4465902767,2261 2035 1931 2247 1783
4465903377,814 2239 390 1430 2378
4465903547,1631 243 1632 1381 1339
4465903708,648 444 1955 1090 1381
4465903714,19 1386 790 1256 1755
4465903823,589 1228 2055 1639 2113
4465904539,472 902 19 516 142
4465904687,2287 1431 277 2341 326
4465905471,267 1232 872 1543 871
4465905714,1384 103 2223 2151 2247
4465905791,1570 1169 1420 1228 1973
4465905797,644 2261 1931 2035 1552
4465906452,1280 1202 535 1107 963
4465906534,270 580 1962 2178 1533
4465906627,112 416 803 41 788
4465906705,2402 2256 939 2249 2152
4465906778,1950 943 941 1663 1031
4465907311,251 250 1261 1216 1176
4465907404,210 1461 462 793 424
4465907626,1503 197 1697 64 684
4465907695,1384 2247 2223 103 2151
4465908418,925 462 203 18 1103
4465908471,2211 2140 2261 2397 819
4465908500,2301 1255 1445 925 903
4465908550,2232 887 743 1157 2140
4465908623,803 1137 41 1685 734
4465908720,2247 334 1205 1384 2068
4465909359,2298 1155 1057 2301 625
4465909483,334 2247 1384 1405 1404
4465909580,404 776 405 762 1751
4465909811,2222 2225 1085 2217 193
4465909851,1266 219 1979 864 220
4847334709,1845 1321 2025 630 218
4847334733,887 1470 197 25 2076
4847334743,589 1576 1639 2055 1228
4847334828,1739 682 1697 578 1552
4847335314,919 1312 1780 589 133
4847336701,267 883 1384 860 2411
4847336718,923 941 864 1619 1221
4847336735,1552 2335 106 133 197
4847336741,1222 589 1619 1208 2140
4847336754,1228 1973 2055 1960 1991
4847338798,1269 740 2248 325 1071
4847340677,1021 2142 1085 1701 1665
4847340678,1461 986 1685 2328 2322
4847340679,1852 2246 2315 193 179
4847340681,1929 1592 1928 1011 985
4847340692,462 1146 806 1169 2407
4847340713,1739 603 196 2210 1697
4847340714,1026 1161 1330 1692 1324
4847340968,1721 334 577 589 333
4847341268,2261 2176 384 2334 674
4847342630,1384 1404 267 165 113
4847342642,1739 196 603 2135 612
4847342651,1403 2025 72 1907 1264
4847342654,196 1739 1697 2286 2412
4847342656,1397 1589 1447 2056 1552
4847342665,326 943 251 1176 1261
4847342704,589 658 1835 1902 674
4847344583,164 1592 1601 1922 1919
4847344597,674 1987 2109 1953 603
4847344606,2287 1513 38 1162 1040
4847344607,1697 1739 682 65 1213
4847344609,2340 2147 1926 1927 1925
4847344632,1420 2270 210 616 417
4847344675,2035 2261 1663 251 1435
4847344746,2247 1384 334 1205 2209
4847346558,2256 1257 1010 1665 1234
4847346582,1228 2055 2214 1488 1604
4847346720,2424 2209 1384 1257 216
4847348538,1739 603 578 919 196
4847348539,2222 2231 1269 2225 1789
4847348547,1846 2081 731 1935 2080
4847348548,1061 1005 2340 2147 1923
4847348588,943 251 2035 1261 1950
4847348629,1739 2135 2092 2161 96
4847348641,1739 1269 65 682 578
4847348654,943 1261 326 251 246
4847348666,1949 887 1708 1548 883
4847350462,985 1929 1931 2247 1098
4847350463,1384 860 1230 1335 2424
4847350476,1503 887 2394 2313 2112
4847350497,1552 140 1589 1739 2059
4847352405,1384 2247 2177 1731 2209
4847352407,1384 267 860 1419 1229
4847352416,1748 771 110 1782 963
4847352418,1979 2246 2310 959 646
4847352560,1692 1330 1161 2092 1026
4847352563,2261 645 1548 251 2137
4847353050,1089 2059 1516 1898 1932
